0be7a714d37b527d0cb4510e81d17de571051729,1202146044,Oleg Kalnichevski,module-httpmime/src/main/java/org/apache/http/entity/mime/FormBodyPart.java,production
0be7a714d37b527d0cb4510e81d17de571051729,1202146044,Oleg Kalnichevski,module-httpmime/src/test/java/org/apache/http/entity/mime/TestMultipartForm.java,test
000444c93dd4b637bf0effcd1ffad8e60574cc4a,1203335998,Oleg Kalnichevski,module-httpmime/src/test/java/org/apache/http/entity/mime/TestMultipartForm.java,test
b5bac2833fc34811ab978cc2b58a3610f5823df1,1215720993,Oleg Kalnichevski,module-httpmime/src/main/java/org/apache/http/entity/mime/FormBodyPart.java,production
b5bac2833fc34811ab978cc2b58a3610f5823df1,1215720993,Oleg Kalnichevski,module-httpmime/src/test/java/org/apache/http/entity/mime/TestMultipartForm.java,test
a0c1b38bb784c2fb7be6d994592bf3d1cf06ef31,1219168947,Oleg Kalnichevski,module-httpmime/src/main/java/org/apache/http/entity/mime/FormBodyPart.java,production
9fd1aa6dc404289259db87a76d2075dcc6da7f8c,1225113663,Sebastian Bazley,module-httpmime/src/main/java/org/apache/http/entity/mime/FormBodyPart.java,production
9806e2f5d06dbae68ccdd43e2dc7af7a57d74660,1234714732,Sebastian Bazley,module-httpmime/src/test/java/org/apache/http/entity/mime/TestMultipartForm.java,test
9ca4ef79eec8ee341cec0257901a0097d9ff3b99,1234715693,Sebastian Bazley,module-httpmime/src/main/java/org/apache/http/entity/mime/FormBodyPart.java,production
77ab335fb38c7b333f3fcdb784a6dda7f095f509,1234736230,Sebastian Bazley,module-httpmime/src/main/java/org/apache/http/entity/mime/FormBodyPart.java,production
c211aaf0cad59a3e5764f8efcc1be76fa3667af6,1235925412,Oleg Kalnichevski,httpmime/src/main/java/org/apache/http/entity/mime/FormBodyPart.java,production
c211aaf0cad59a3e5764f8efcc1be76fa3667af6,1235925412,Oleg Kalnichevski,httpmime/src/test/java/org/apache/http/entity/mime/TestMultipartForm.java,test
c211aaf0cad59a3e5764f8efcc1be76fa3667af6,1235925412,Oleg Kalnichevski,module-httpmime/src/main/java/org/apache/http/entity/mime/FormBodyPart.java,production
9940cb59824d5b1d6400890b818a4bfeb38f810e,1236347450,Oleg Kalnichevski,httpmime/src/main/java/org/apache/http/entity/mime/FormBodyPart.java,production
9940cb59824d5b1d6400890b818a4bfeb38f810e,1236347450,Oleg Kalnichevski,httpmime/src/test/java/org/apache/http/entity/mime/TestMultipartForm.java,test
47268140331a5e257584b4d054d68678403c70e5,1237428157,Sebastian Bazley,httpmime/src/main/java/org/apache/http/entity/mime/FormBodyPart.java,production
842a75050917d1877991fbb0ef20283d40620dd0,1247512608,Oleg Kalnichevski,httpmime/src/main/java/org/apache/http/entity/mime/FormBodyPart.java,production
842a75050917d1877991fbb0ef20283d40620dd0,1247512608,Oleg Kalnichevski,httpmime/src/test/java/org/apache/http/entity/mime/TestMultipartForm.java,test
33de23c1025e6bc58d587d351ce0fdf6f9fdbe50,1251225479,Oleg Kalnichevski,httpmime/src/main/java/org/apache/http/entity/mime/FormBodyPart.java,production
fdfded17c2ba6c949bfe0036cfffba1da47a380d,1252012515,Oleg Kalnichevski,httpmime/src/test/java/org/apache/http/entity/mime/TestMultipartForm.java,test
7c2cc42b1faece97496f8d54888e00339535d729,1255184278,Sebastian Bazley,httpmime/src/test/java/org/apache/http/entity/mime/TestMultipartForm.java,test
379e2a6bfbbcd029efd3eafc56522d2ac5c6c58d,1271270717,Oleg Kalnichevski,httpmime/src/main/java/org/apache/http/entity/mime/FormBodyPart.java,production
379e2a6bfbbcd029efd3eafc56522d2ac5c6c58d,1271270717,Oleg Kalnichevski,httpmime/src/test/java/org/apache/http/entity/mime/TestMultipartForm.java,test
ad7d78d0daab0a33ecb3fe6d80638b72cfbceb0f,1271326482,Oleg Kalnichevski,httpmime/src/main/java/org/apache/http/entity/mime/FormBodyPart.java,production
4defb0689ff6f16777301aae4c26929b40c78762,1272050363,Oleg Kalnichevski,httpmime/src/main/java/org/apache/http/entity/mime/FormBodyPart.java,production
4defb0689ff6f16777301aae4c26929b40c78762,1272050363,Oleg Kalnichevski,httpmime/src/test/java/org/apache/http/entity/mime/TestMultipartForm.java,test
160af55cb16e942f4519cba54318914a0c975106,1272391328,Oleg Kalnichevski,httpmime/src/test/java/org/apache/http/entity/mime/TestMultipartForm.java,test
615001b2eaf75a43df9bf28b01bfba444bd7bb92,1273609757,Sebastian Bazley,httpmime/src/test/java/org/apache/http/entity/mime/TestMultipartForm.java,test
05deb2860529c356a463f44331199224dc75b6d0,1284404156,Oleg Kalnichevski,httpmime/src/test/java/org/apache/http/entity/mime/TestMultipartForm.java,test
36607de8cc8550bf92994a34649dbb87417a2ad4,1292545656,Sebastian Bazley,httpmime/src/main/java/org/apache/http/entity/mime/FormBodyPart.java,production
0dbecf3a497b78f52c23ea47878238781efd2ece,1292922462,Oleg Kalnichevski,httpmime/src/test/java/org/apache/http/entity/mime/TestMultipartForm.java,test
4f5d4b0d7eab9db5a3034cb883b4f853282bebf7,1292967836,Sebastian Bazley,httpmime/src/main/java/org/apache/http/entity/mime/FormBodyPart.java,production
7bd182d4816eeb71d45bea7b15f71ae1e33c9aab,1292970345,Sebastian Bazley,httpmime/src/test/java/org/apache/http/entity/mime/TestMultipartForm.java,test
84d4b9e2acf1a2afab30843f840177b8b2bc16e1,1350226511,Oleg Kalnichevski,httpmime/src/test/java/org/apache/http/entity/mime/TestMultipartForm.java,test
20de472dd741702db57414465b44a7e3ddf67a3a,1352382384,Gary D. Gregory,httpmime/src/test/java/org/apache/http/entity/mime/TestMultipartForm.java,test
d72e9b3ae73ca5ff7ee0d4a9e3355c4bcd103f38,1355847778,Oleg Kalnichevski,httpmime/src/main/java/org/apache/http/entity/mime/FormBodyPart.java,production
3ebbcab3b4bc072c4a66a95680887b46840218e3,1358306864,Gary D. Gregory,httpmime/src/main/java/org/apache/http/entity/mime/FormBodyPart.java,production
71eb5c853a0d0e38972684307582679d54a669e2,1392980282,Oleg Kalnichevski,httpmime/src/main/java/org/apache/http/entity/mime/FormBodyPart.java,production
978c67d3da4dc247eeb045f30abbab8b0a4d27ab,1419361425,Oleg Kalnichevski,httpmime/src/main/java/org/apache/http/entity/mime/FormBodyPart.java,production
b29c819645a404a064f022d5a75d8597985f6fac,1432476763,Oleg Kalnichevski,httpmime/src/main/java/org/apache/http/entity/mime/FormBodyPart.java,production
