HTTPCLIENT-12,2006-05-15T21:44:44.000+0000,null,Fixed 
HTTPCLIENT-25,2006-05-15T21:44:45.000+0000,null,Fixed 
HTTPCLIENT-29,2006-05-15T21:44:46.000+0000,null,Fixed 
HTTPCLIENT-30,2006-05-15T21:44:46.000+0000,null,Fixed 
HTTPCLIENT-51,2006-05-15T21:44:50.000+0000,null,Fixed 
HTTPCLIENT-77,2006-05-15T21:44:53.000+0000,null,Fixed 
HTTPCLIENT-92,2006-05-15T21:44:54.000+0000,null,Fixed 
HTTPCLIENT-105,2006-05-15T21:34:44.000+0000,null,Fixed 
HTTPCLIENT-106,2006-05-15T21:44:54.000+0000,null,Fixed 
HTTPCLIENT-116,2006-05-15T21:44:55.000+0000,null,Fixed 
HTTPCLIENT-128,2006-05-15T21:44:56.000+0000,null,Fixed 
HTTPCLIENT-136,2007-05-13T20:08:23.115+0000,null,Fixed 
HTTPCLIENT-161,2006-05-15T21:44:57.000+0000,null,Fixed 
HTTPCLIENT-194,2006-05-15T21:44:58.000+0000,null,Fixed 
HTTPCLIENT-238,2006-05-15T21:44:58.000+0000,null,Fixed 
HTTPCLIENT-368,2006-05-15T21:45:01.000+0000,null,Fixed 
HTTPCLIENT-424,2008-05-23T16:57:53.518+0000,null,Fixed 
HTTPCLIENT-477,2007-10-18T14:48:34.257+0000,null,Fixed 
HTTPCLIENT-494,2006-06-10T17:38:27.000+0000,null,Fixed 
HTTPCLIENT-497,2007-04-10T14:45:32.474+0000,null,Fixed 
HTTPCLIENT-504,2006-05-15T21:45:01.000+0000,null,Fixed 
HTTPCLIENT-524,2007-07-21T12:13:41.208+0000,null,Fixed 
HTTPCLIENT-525,2008-04-16T17:51:39.273+0000,null,Won't Fix 
HTTPCLIENT-529,2006-05-17T22:28:43.000+0000,null,Won't Fix 
HTTPCLIENT-533,2006-05-31T04:00:19.000+0000,null,Fixed 
HTTPCLIENT-536,2006-06-06T15:53:53.000+0000,null,Fixed 
HTTPCLIENT-553,2006-06-11T05:08:36.000+0000,null,Fixed 
HTTPCLIENT-574,2006-07-28T10:43:37.000+0000,Won't Fix,null 
HTTPCLIENT-574,2006-08-07T10:50:15.000+0000,null,Fixed 
HTTPCLIENT-578,2006-05-31T03:40:40.000+0000,null,Fixed 
HTTPCLIENT-580,2006-05-19T15:08:07.000+0000,null,Invalid 
HTTPCLIENT-585,2006-06-09T20:49:34.000+0000,null,Cannot Reproduce 
HTTPCLIENT-586,2006-06-16T04:26:52.000+0000,null,Incomplete 
HTTPCLIENT-587,2006-06-21T17:54:54.000+0000,null,Fixed 
HTTPCLIENT-588,2006-06-21T18:10:04.000+0000,null,Fixed 
HTTPCLIENT-590,2006-07-24T15:44:22.000+0000,null,Invalid 
HTTPCLIENT-592,2006-12-12T17:34:39.000+0000,null,Incomplete 
HTTPCLIENT-593,2006-08-08T22:12:36.000+0000,null,Fixed 
HTTPCLIENT-594,2006-08-08T22:04:11.000+0000,null,Fixed 
HTTPCLIENT-596,2006-08-08T21:50:50.000+0000,null,Won't Fix 
HTTPCLIENT-598,2006-09-16T10:33:45.000+0000,null,Fixed 
HTTPCLIENT-599,2007-10-24T09:38:09.979+0000,null,Won't Fix 
HTTPCLIENT-603,2006-09-26T07:57:30.000+0000,null,Invalid 
HTTPCLIENT-604,2006-10-02T07:10:29.000+0000,null,Duplicate 
HTTPCLIENT-606,2006-12-08T11:35:49.000+0000,null,Fixed 
HTTPCLIENT-607,2006-11-16T10:27:15.000+0000,null,Invalid 
HTTPCLIENT-612,2006-12-13T14:20:07.000+0000,null,Fixed 
HTTPCLIENT-613,2006-12-08T16:05:59.000+0000,null,Fixed 
HTTPCLIENT-616,2006-12-13T14:06:58.000+0000,null,Fixed 
HTTPCLIENT-617,2007-10-11T09:20:49.243+0000,null,Fixed 
HTTPCLIENT-619,2007-01-05T22:29:01.883+0000,null,Invalid 
HTTPCLIENT-620,2007-01-12T09:05:33.131+0000,null,Duplicate 
HTTPCLIENT-621,2007-01-17T22:06:54.116+0000,null,Won't Fix 
HTTPCLIENT-622,2007-01-16T09:46:48.138+0000,null,Fixed 
HTTPCLIENT-623,2007-01-18T08:29:10.799+0000,null,Invalid 
HTTPCLIENT-623,2007-01-19T09:51:59.152+0000,Invalid,null 
HTTPCLIENT-623,2007-01-19T09:55:43.744+0000,null,Invalid 
HTTPCLIENT-626,2007-02-11T11:03:25.126+0000,null,Cannot Reproduce 
HTTPCLIENT-628,2007-02-11T11:26:54.467+0000,null,Fixed 
HTTPCLIENT-629,2007-02-13T06:04:49.261+0000,null,Invalid 
HTTPCLIENT-630,2007-02-13T18:03:54.611+0000,null,Fixed 
HTTPCLIENT-631,2007-02-13T18:22:20.039+0000,null,Fixed 
HTTPCLIENT-632,2007-02-13T18:36:20.330+0000,null,Fixed 
HTTPCLIENT-633,2007-02-20T14:59:56.520+0000,null,Fixed 
HTTPCLIENT-638,2007-02-21T00:00:21.623+0000,null,Invalid 
HTTPCLIENT-641,2007-03-04T12:38:28.520+0000,null,Fixed 
HTTPCLIENT-642,2007-03-10T18:29:27.582+0000,null,Invalid 
HTTPCLIENT-644,2007-04-04T19:09:29.077+0000,null,Fixed 
HTTPCLIENT-645,2007-04-23T07:00:33.186+0000,null,Fixed 
HTTPCLIENT-646,2007-04-18T07:46:53.699+0000,null,Invalid 
HTTPCLIENT-647,2007-04-18T09:47:20.559+0000,null,Invalid 
HTTPCLIENT-648,2007-08-11T12:43:54.306+0000,null,Won't Fix 
HTTPCLIENT-650,2007-04-28T18:20:27.626+0000,null,Fixed 
HTTPCLIENT-654,2007-10-11T17:15:49.199+0000,null,Fixed 
HTTPCLIENT-655,2007-07-03T08:27:08.776+0000,null,Fixed 
HTTPCLIENT-657,2007-06-10T16:42:18.654+0000,null,Fixed 
HTTPCLIENT-661,2007-08-07T16:23:11.255+0000,null,Won't Fix 
HTTPCLIENT-671,2007-07-17T17:47:39.329+0000,null,Invalid 
HTTPCLIENT-675,2007-08-11T12:27:45.528+0000,null,Fixed 
HTTPCLIENT-676,2007-08-11T12:28:14.301+0000,null,Fixed 
HTTPCLIENT-678,2007-08-01T12:23:47.912+0000,null,Invalid 
HTTPCLIENT-679,2007-08-05T12:20:17.783+0000,null,Won't Fix 
HTTPCLIENT-679,2007-08-08T08:25:04.514+0000,Won't Fix,null 
HTTPCLIENT-679,2007-08-11T20:52:53.981+0000,null,Fixed 
HTTPCLIENT-680,2007-08-09T08:09:00.613+0000,null,Fixed 
HTTPCLIENT-681,2007-08-11T08:49:18.782+0000,null,Invalid 
HTTPCLIENT-682,2007-08-13T10:00:24.530+0000,null,Invalid 
HTTPCLIENT-683,2007-08-13T10:07:12.191+0000,null,Won't Fix 
HTTPCLIENT-684,2007-08-13T15:20:03.844+0000,null,Won't Fix 
HTTPCLIENT-685,2007-08-16T08:17:49.549+0000,null,Invalid 
HTTPCLIENT-686,2007-08-16T08:20:02.320+0000,null,Fixed 
HTTPCLIENT-687,2007-10-07T14:48:41.919+0000,null,Fixed 
HTTPCLIENT-688,2007-11-14T17:02:50.133+0000,null,Fixed 
HTTPCLIENT-691,2007-09-22T06:38:59.546+0000,null,Won't Fix 
HTTPCLIENT-693,2007-10-07T17:17:34.236+0000,null,Fixed 
HTTPCLIENT-694,2007-09-28T15:29:10.205+0000,null,Won't Fix 
HTTPCLIENT-695,2007-10-14T15:50:34.884+0000,null,Fixed 
HTTPCLIENT-696,2009-03-01T16:57:11.382+0000,null,Fixed 
HTTPCLIENT-697,2007-10-28T16:57:04.649+0000,null,Fixed 
HTTPCLIENT-698,2007-10-29T13:58:10.408+0000,null,Fixed 
HTTPCLIENT-700,2007-11-09T08:36:31.475+0000,null,Invalid 
HTTPCLIENT-701,2007-12-21T04:56:34.880+0000,null,Fixed 
HTTPCLIENT-702,2007-11-12T12:47:59.129+0000,null,Invalid 
HTTPCLIENT-703,2007-11-12T12:48:58.876+0000,null,Invalid 
HTTPCLIENT-704,2007-11-18T12:53:06.343+0000,null,Fixed 
HTTPCLIENT-705,2007-11-19T09:19:45.903+0000,null,Fixed 
HTTPCLIENT-708,2007-11-28T14:15:49.903+0000,null,Invalid 
HTTPCLIENT-709,2007-12-07T16:01:53.290+0000,null,Invalid 
HTTPCLIENT-710,2007-12-10T15:47:07.804+0000,null,Won't Fix 
HTTPCLIENT-711,2007-12-15T14:36:42.948+0000,null,Fixed 
HTTPCLIENT-717,2007-12-22T14:47:06.621+0000,null,Fixed 
HTTPCLIENT-718,2007-12-15T17:48:35.494+0000,null,Fixed 
HTTPCLIENT-721,2007-12-20T17:15:22.747+0000,null,Won't Fix 
HTTPCLIENT-721,2007-12-20T17:47:20.844+0000,Won't Fix,null 
HTTPCLIENT-721,2007-12-20T18:44:43.260+0000,null,Won't Fix 
HTTPCLIENT-727,2008-01-05T10:08:20.164+0000,null,Won't Fix 
HTTPCLIENT-730,2008-01-24T16:54:23.273+0000,null,Fixed 
HTTPCLIENT-732,2008-01-25T16:48:47.264+0000,null,Won't Fix 
HTTPCLIENT-732,2008-01-25T17:33:14.397+0000,Won't Fix,null 
HTTPCLIENT-732,2008-02-04T15:53:05.768+0000,null,Won't Fix 
HTTPCLIENT-737,2008-02-01T18:02:38.537+0000,null,Fixed 
HTTPCLIENT-738,2008-02-04T16:03:19.738+0000,null,Fixed 
HTTPCLIENT-741,2008-02-08T16:45:31.681+0000,null,Fixed 
HTTPCLIENT-743,2008-03-02T17:52:56.758+0000,null,Fixed 
HTTPCLIENT-744,2008-02-08T14:41:19.717+0000,null,Invalid 
HTTPCLIENT-747,2008-04-24T18:20:19.644+0000,null,Cannot Reproduce 
HTTPCLIENT-747,2008-05-04T16:15:35.591+0000,Cannot Reproduce,null 
HTTPCLIENT-747,2008-05-25T11:25:04.768+0000,null,Fixed 
HTTPCLIENT-754,2008-02-28T14:32:29.340+0000,null,Fixed 
HTTPCLIENT-755,2008-02-29T09:43:38.746+0000,null,Fixed 
HTTPCLIENT-756,2008-03-08T07:19:15.635+0000,null,Invalid 
HTTPCLIENT-757,2008-04-08T10:44:48.908+0000,null,Fixed 
HTTPCLIENT-758,2008-03-10T20:00:04.121+0000,null,Fixed 
HTTPCLIENT-759,2008-03-18T19:24:00.432+0000,null,Fixed 
HTTPCLIENT-760,2008-03-21T11:37:53.133+0000,null,Fixed 
HTTPCLIENT-762,2008-04-21T16:56:21.796+0000,null,Invalid 
HTTPCLIENT-763,2008-04-21T19:06:23.519+0000,null,Fixed 
HTTPCLIENT-765,2008-05-02T23:50:55.619+0000,null,Fixed 
HTTPCLIENT-767,2008-04-29T21:08:05.155+0000,null,Fixed 
HTTPCLIENT-769,2008-05-02T23:14:45.008+0000,null,Fixed 
HTTPCLIENT-771,2008-05-03T11:06:56.035+0000,null,Fixed 
HTTPCLIENT-772,2008-05-03T10:54:34.821+0000,null,Fixed 
HTTPCLIENT-773,2008-05-17T11:45:07.704+0000,null,Fixed 
HTTPCLIENT-775,2008-05-19T21:08:38.515+0000,null,Fixed 
HTTPCLIENT-776,2008-05-21T17:33:08.913+0000,null,Fixed 
HTTPCLIENT-777,2008-05-22T18:42:47.409+0000,null,Fixed 
HTTPCLIENT-778,2008-05-27T14:58:01.475+0000,null,Invalid 
HTTPCLIENT-780,2008-06-01T21:31:39.472+0000,null,Fixed 
HTTPCLIENT-781,2008-06-26T04:04:32.186+0000,null,Fixed 
HTTPCLIENT-783,2008-07-02T17:26:32.182+0000,null,Invalid 
HTTPCLIENT-784,2008-07-10T20:17:55.017+0000,null,Fixed 
HTTPCLIENT-785,2008-07-11T13:26:48.061+0000,null,Won't Fix 
HTTPCLIENT-787,2008-07-16T16:12:00.311+0000,null,Won't Fix 
HTTPCLIENT-790,2008-08-12T13:02:47.961+0000,null,Fixed 
HTTPCLIENT-791,2008-08-15T18:03:09.126+0000,null,Fixed 
HTTPCLIENT-795,2008-09-09T12:19:19.994+0000,null,Fixed 
HTTPCLIENT-797,2008-09-24T21:00:51.288+0000,null,Fixed 
HTTPCLIENT-798,2008-09-24T21:04:12.518+0000,null,Won't Fix 
HTTPCLIENT-799,2008-10-15T21:27:07.580+0000,null,Won't Fix 
HTTPCORE-174,2008-10-07T19:20:12.092+0000,null,Fixed 
HTTPCLIENT-801,2008-10-13T14:32:08.873+0000,null,Invalid 
HTTPCLIENT-803,2008-10-31T13:13:34.557+0000,null,Fixed 
HTTPCORE-175,2008-11-24T09:36:12.606+0000,null,Fixed 
HTTPCLIENT-806,2008-10-30T14:03:43.445+0000,null,Fixed 
HTTPCLIENT-810,2008-12-11T20:19:16.100+0000,null,Invalid 
HTTPCLIENT-810,2008-12-12T10:46:57.830+0000,Invalid,null 
HTTPCLIENT-810,2008-12-12T11:05:58.413+0000,null,Invalid 
HTTPCLIENT-811,2009-01-06T13:39:37.659+0000,null,Duplicate 
HTTPCLIENT-813,2009-01-08T15:16:54.235+0000,null,Won't Fix 
HTTPCLIENT-813,2009-01-09T15:37:20.975+0000,Won't Fix,null 
HTTPCLIENT-813,2009-02-14T16:47:16.707+0000,null,Fixed 
HTTPCLIENT-814,2009-01-13T19:28:20.081+0000,null,Invalid 
HTTPCLIENT-817,2009-01-24T11:56:39.383+0000,null,Won't Fix 
HTTPCLIENT-818,2009-05-15T20:30:22.486+0000,null,Fixed 
HTTPCLIENT-819,2009-06-04T18:26:01.851+0000,null,Fixed 
HTTPCLIENT-820,2009-06-04T18:26:41.442+0000,null,Fixed 
HTTPCORE-182,2009-02-02T18:48:15.826+0000,null,Fixed 
HTTPCLIENT-822,2009-02-14T17:02:07.178+0000,null,Fixed 
HTTPCORE-190,2009-03-09T18:46:44.335+0000,null,Fixed 
HTTPCLIENT-830,2009-02-26T14:54:16.614+0000,null,Won't Fix 
HTTPCLIENT-833,2009-03-16T20:47:49.215+0000,null,Fixed 
HTTPCLIENT-837,2009-03-23T20:10:16.827+0000,null,Fixed 
HTTPCLIENT-839,2009-03-30T15:47:57.181+0000,null,Invalid 
HTTPCLIENT-840,2009-04-08T07:54:59.852+0000,null,Won't Fix 
HTTPCLIENT-841,2009-06-13T10:21:12.308+0000,null,Fixed 
HTTPCLIENT-843,2009-04-27T13:04:41.156+0000,null,Invalid 
HTTPCLIENT-844,2009-04-27T12:48:25.771+0000,null,Incomplete 
HTTPCLIENT-845,2009-04-27T20:49:22.983+0000,null,Invalid 
HTTPCLIENT-846,2009-04-29T15:18:58.295+0000,null,Invalid 
HTTPCLIENT-848,2009-05-15T16:15:03.535+0000,null,Invalid 
HTTPCLIENT-848,2009-05-15T22:10:44.384+0000,Invalid,null 
HTTPCLIENT-848,2009-05-16T12:29:33.715+0000,null,Fixed 
HTTPCLIENT-849,2009-05-15T16:16:05.700+0000,null,Won't Fix 
HTTPCLIENT-852,2009-06-01T10:59:19.028+0000,null,Fixed 
HTTPCLIENT-853,2009-06-01T20:01:53.118+0000,null,Fixed 
HTTPCLIENT-856,2009-06-29T19:33:30.546+0000,null,Fixed 
HTTPCLIENT-857,2009-06-30T10:00:00.588+0000,null,Invalid 
HTTPCLIENT-858,2009-06-30T14:46:59.146+0000,null,Invalid 
HTTPCLIENT-859,2009-07-09T19:31:13.932+0000,null,Fixed 
HTTPCLIENT-860,2009-07-14T20:15:58.145+0000,null,Fixed 
HTTPCLIENT-861,2009-07-16T11:49:21.585+0000,null,Won't Fix 
HTTPCLIENT-861,2009-07-16T14:39:02.197+0000,Won't Fix,null 
HTTPCLIENT-861,2009-07-16T21:32:29.404+0000,null,Fixed 
HTTPCLIENT-863,2009-07-29T07:40:08.401+0000,null,Invalid 
HTTPCLIENT-865,2009-11-25T20:41:30.497+0000,null,Fixed 
HTTPCLIENT-866,2009-08-25T18:48:19.450+0000,null,Fixed 
HTTPCLIENT-867,2009-08-21T11:18:01.540+0000,null,Fixed 
HTTPCLIENT-869,2009-08-25T11:23:30.251+0000,null,Fixed 
HTTPCLIENT-870,2009-09-03T08:15:24.072+0000,null,Fixed 
HTTPCLIENT-873,2009-11-25T09:31:45.226+0000,null,Won't Fix 
HTTPCLIENT-874,2009-09-04T21:23:32.843+0000,null,Fixed 
HTTPCLIENT-875,2009-09-09T20:33:16.738+0000,null,Fixed 
HTTPCLIENT-876,2009-09-10T07:41:12.042+0000,null,Invalid 
HTTPCORE-207,2009-09-24T19:08:18.812+0000,null,Fixed 
HTTPCLIENT-880,2009-10-06T13:04:03.600+0000,null,Fixed 
HTTPCLIENT-881,2009-10-16T12:29:27.706+0000,null,Fixed 
HTTPCLIENT-882,2009-10-26T13:54:48.289+0000,null,Fixed 
HTTPCLIENT-883,2009-10-26T14:10:32.792+0000,null,Fixed 
HTTPCLIENT-884,2009-11-04T19:59:21.941+0000,null,Fixed 
HTTPCLIENT-885,2009-11-04T19:58:03.796+0000,null,Fixed 
HTTPCLIENT-886,2009-11-04T13:24:35.951+0000,null,Invalid 
HTTPCLIENT-886,2009-11-04T14:04:03.682+0000,Invalid,null 
HTTPCLIENT-886,2009-11-04T14:48:36.476+0000,null,Invalid 
HTTPCLIENT-891,2009-11-15T23:08:51.978+0000,null,Invalid 
HTTPCLIENT-892,2009-11-24T21:02:20.358+0000,null,Fixed 
HTTPCLIENT-893,2009-11-24T09:49:07.595+0000,null,Invalid 
HTTPCLIENT-896,2009-12-03T09:15:24.340+0000,null,Won't Fix 
HTTPCLIENT-897,2009-12-08T22:26:34.528+0000,null,Won't Fix 
HTTPCLIENT-902,2010-01-08T19:19:11.138+0000,null,Fixed 
HTTPCLIENT-908,2010-02-19T12:51:29.549+0000,null,Cannot Reproduce 
HTTPCLIENT-910,2010-01-28T22:05:52.500+0000,null,Won't Fix 
HTTPCLIENT-912,2010-02-15T08:42:46.064+0000,null,Invalid 
HTTPCLIENT-912,2010-02-15T14:54:22.088+0000,Invalid,null 
HTTPCLIENT-912,2010-02-15T18:18:40.466+0000,null,Invalid 
HTTPCLIENT-913,2010-02-15T18:32:56.774+0000,null,Invalid 
HTTPCLIENT-917,2010-02-24T19:33:10.475+0000,null,Fixed 
HTTPCLIENT-920,2010-02-26T10:05:48.012+0000,null,Won't Fix 
HTTPCLIENT-922,2010-03-03T08:50:46.609+0000,null,Invalid 
HTTPCLIENT-923,2010-03-05T12:47:27.903+0000,null,Fixed 
HTTPCLIENT-923,2010-03-05T13:15:01.017+0000,Fixed,null 
HTTPCLIENT-923,2010-03-05T13:23:04.455+0000,null,Fixed 
HTTPCLIENT-924,2010-05-23T22:04:45.679+0000,null,Won't Fix 
HTTPCLIENT-929,2010-04-03T18:24:18.312+0000,null,Fixed 
HTTPCLIENT-930,2010-04-03T18:39:47.854+0000,null,Fixed 
HTTPCLIENT-931,2010-04-29T04:09:38.971+0000,null,Fixed 
HTTPCLIENT-932,2010-05-01T16:35:59.768+0000,null,Fixed 
HTTPCLIENT-933,2010-05-02T13:22:18.412+0000,null,Fixed 
HTTPCLIENT-934,2010-05-23T22:09:43.874+0000,null,Invalid 
HTTPCLIENT-936,2010-05-12T18:33:59.118+0000,null,Fixed 
HTTPCLIENT-938,2010-05-11T18:51:04.256+0000,null,Invalid 
HTTPCLIENT-939,2010-05-11T19:58:04.609+0000,null,Fixed 
HTTPCLIENT-940,2010-05-12T18:21:05.080+0000,null,Fixed 
HTTPCLIENT-942,2010-06-12T10:42:12.864+0000,null,Fixed 
HTTPCLIENT-944,2010-06-13T18:53:16.653+0000,null,Fixed 
HTTPCLIENT-945,2010-05-27T13:49:50.379+0000,null,Invalid 
HTTPCLIENT-946,2010-05-27T21:37:21.922+0000,null,Won't Fix 
HTTPCLIENT-947,2010-05-30T21:25:03.631+0000,null,Invalid 
HTTPCLIENT-948,2010-06-15T14:22:21.308+0000,null,Fixed 
HTTPCLIENT-949,2010-06-06T18:05:56.779+0000,null,Invalid 
HTTPCLIENT-949,2010-06-07T07:50:53.500+0000,Invalid,null 
HTTPCLIENT-949,2010-06-07T08:26:17.541+0000,null,Invalid 
HTTPCLIENT-949,2010-06-07T16:04:53.580+0000,Invalid,null 
HTTPCLIENT-949,2010-06-07T16:17:24.562+0000,null,Invalid 
HTTPCLIENT-950,2010-06-09T20:47:17.305+0000,null,Won't Fix 
HTTPCLIENT-951,2010-06-22T20:31:48.050+0000,null,Fixed 
HTTPCLIENT-952,2010-06-09T21:01:42.871+0000,null,Fixed 
HTTPCLIENT-953,2010-06-13T16:53:39.021+0000,null,Fixed 
HTTPCLIENT-957,2010-06-25T08:45:51.044+0000,null,Invalid 
HTTPCLIENT-958,2010-07-02T10:36:49.627+0000,null,Fixed 
HTTPCLIENT-960,2010-09-13T18:56:56.698+0000,null,Fixed 
HTTPCLIENT-961,2010-07-04T13:36:42.070+0000,null,Fixed 
HTTPCLIENT-962,2010-07-12T19:40:57.552+0000,null,Fixed 
HTTPCLIENT-963,2010-07-12T21:40:27.143+0000,null,Fixed 
HTTPCLIENT-964,2010-07-07T16:03:01.817+0000,null,Fixed 
HTTPCLIENT-965,2010-07-07T16:11:24.982+0000,null,Fixed 
HTTPCLIENT-966,2010-07-05T13:04:15.537+0000,null,Invalid 
HTTPCLIENT-969,2010-07-23T20:02:18.946+0000,null,Fixed 
HTTPCLIENT-970,2010-08-19T08:42:56.496+0000,null,Won't Fix 
HTTPCLIENT-971,2010-07-28T13:36:01.804+0000,null,Invalid 
HTTPCLIENT-974,2010-08-04T18:59:01.742+0000,null,Fixed 
HTTPCLIENT-976,2010-08-09T12:17:24.179+0000,null,Won't Fix 
HTTPCLIENT-980,2010-08-19T19:38:56.154+0000,null,Fixed 
HTTPCLIENT-981,2010-08-25T12:30:42.651+0000,null,Fixed 
HTTPCLIENT-985,2010-09-02T21:08:41.228+0000,null,Fixed 
HTTPCLIENT-986,2010-09-06T20:16:16.800+0000,null,Fixed 
HTTPCLIENT-987,2010-09-06T22:01:27.891+0000,null,Fixed 
HTTPCLIENT-989,2010-09-08T20:12:41.642+0000,null,Fixed 
HTTPCLIENT-991,2010-09-08T20:35:19.565+0000,null,Fixed 
HTTPCLIENT-993,2010-09-10T08:02:54.727+0000,null,Invalid 
HTTPCLIENT-995,2010-09-13T19:05:33.954+0000,null,Fixed 
HTTPCLIENT-996,2010-09-14T15:22:30.395+0000,null,Invalid 
HTTPCLIENT-996,2010-09-14T19:52:29.297+0000,Invalid,null 
HTTPCLIENT-996,2010-09-14T20:41:06.652+0000,null,Fixed 
HTTPCLIENT-1001,2010-10-01T09:50:21.834+0000,null,Fixed 
HTTPCLIENT-1002,2010-09-30T07:37:13.826+0000,null,Fixed 
HTTPCLIENT-1004,2010-09-30T18:01:12.407+0000,null,Not A Problem 
HTTPCLIENT-1006,2010-10-04T09:34:59.827+0000,null,Won't Fix 
HTTPCLIENT-1009,2010-10-10T20:00:29.314+0000,null,Fixed 
HTTPCLIENT-1012,2010-10-12T22:02:27.244+0000,null,Invalid 
HTTPCLIENT-1013,2010-10-14T01:52:45.510+0000,null,Fixed 
HTTPCLIENT-1017,2010-11-20T11:26:29.178+0000,null,Fixed 
HTTPCLIENT-1021,2010-11-16T09:35:13.512+0000,null,Won't Fix 
HTTPCLIENT-1023,2010-11-18T16:00:19.274+0000,null,Not A Problem 
HTTPCLIENT-1024,2010-12-08T22:08:06.631+0000,null,Fixed 
HTTPCLIENT-1026,2011-01-05T20:40:17.709+0000,null,Fixed 
HTTPCLIENT-1031,2010-12-08T20:38:48.068+0000,null,Fixed 
HTTPCLIENT-1032,2010-12-14T11:51:50.495+0000,null,Fixed 
HTTPCLIENT-1033,2010-12-10T14:17:52.282+0000,null,Fixed 
HTTPCLIENT-1036,2010-12-17T00:03:23.914+0000,null,Fixed 
HTTPCLIENT-1037,2010-12-21T21:45:53.079+0000,null,Fixed 
HTTPCLIENT-1038,2010-12-30T09:07:02.182+0000,null,Fixed 
HTTPCLIENT-1039,2011-01-05T10:58:29.759+0000,null,Fixed 
HTTPCLIENT-1040,2012-12-10T11:32:24.128+0000,null,Fixed 
HTTPCLIENT-1041,2011-01-06T16:16:46.151+0000,null,Fixed 
HTTPCLIENT-1042,2011-01-07T15:30:15.579+0000,null,Invalid 
HTTPCLIENT-1043,2011-01-14T14:46:35.769+0000,null,Invalid 
HTTPCLIENT-1045,2011-01-20T10:33:12.266+0000,null,Fixed 
HTTPCLIENT-1047,2011-01-26T10:34:22.131+0000,null,Invalid 
HTTPCLIENT-1048,2011-01-28T11:05:33.243+0000,null,Not A Problem 
HTTPCLIENT-1051,2011-03-07T14:53:28.882+0000,null,Fixed 
HTTPCLIENT-1051,2011-03-07T16:45:01.345+0000,Fixed,null 
HTTPCLIENT-1051,2011-03-07T16:45:27.150+0000,null,Won't Fix 
HTTPCLIENT-1051,2011-03-09T13:10:52.540+0000,Won't Fix,null 
HTTPCLIENT-1051,2011-03-09T13:11:47.008+0000,null,Fixed 
HTTPCLIENT-1052,2011-02-03T20:22:15.691+0000,null,Won't Fix 
HTTPCLIENT-1052,2011-02-03T21:25:11.152+0000,Won't Fix,null 
HTTPCLIENT-1052,2011-02-03T22:08:14.363+0000,null,Invalid 
HTTPCLIENT-1053,2011-02-08T20:08:41.572+0000,null,Fixed 
HTTPCLIENT-1055,2011-02-08T00:04:19.147+0000,null,Not A Problem 
HTTPCLIENT-1056,2011-02-09T13:53:44.412+0000,null,Fixed 
HTTPCLIENT-1058,2011-02-15T15:54:49.202+0000,null,Fixed 
HTTPCLIENT-1060,2011-02-24T15:57:09.045+0000,null,Not A Problem 
HTTPCLIENT-1061,2011-02-25T11:29:47.349+0000,null,Fixed 
HTTPCLIENT-1062,2011-02-25T11:40:15.404+0000,null,Invalid 
HTTPCLIENT-1064,2011-02-27T17:28:36.054+0000,null,Invalid 
HTTPCLIENT-1066,2011-03-07T15:10:24.906+0000,null,Fixed 
HTTPCLIENT-1067,2011-03-14T19:01:56.181+0000,null,Won't Fix 
HTTPCLIENT-1069,2011-03-10T09:44:22.758+0000,null,Fixed 
HTTPCLIENT-1070,2011-03-10T22:56:11.078+0000,null,Invalid 
HTTPCLIENT-1071,2011-03-14T14:56:16.525+0000,null,Invalid 
HTTPCLIENT-1073,2011-03-23T20:07:59.164+0000,null,Fixed 
HTTPCLIENT-1075,2011-04-02T11:48:51.913+0000,null,Fixed 
HTTPCLIENT-1077,2011-04-11T10:05:58.873+0000,null,Invalid 
HTTPCLIENT-1078,2011-04-11T17:43:47.412+0000,null,Fixed 
HTTPCLIENT-1079,2011-04-13T20:31:55.416+0000,null,Fixed 
HTTPCLIENT-1080,2012-12-05T12:51:43.026+0000,null,Fixed 
HTTPCLIENT-1082,2011-05-04T08:19:14.237+0000,null,Invalid 
HTTPCLIENT-1084,2011-05-12T12:05:17.895+0000,null,Won't Fix 
HTTPCORE-257,2011-05-18T12:30:38.393+0000,null,Fixed 
HTTPCORE-257,2011-12-17T20:53:02.076+0000,Fixed,null 
HTTPCORE-257,2011-12-17T21:01:27.019+0000,null,Fixed 
HTTPCLIENT-1087,2011-05-17T13:08:06.248+0000,null,Fixed 
HTTPCLIENT-1089,2011-05-13T20:37:34.757+0000,null,Invalid 
HTTPCLIENT-1091,2011-05-24T19:37:20.274+0000,null,Won't Fix 
HTTPCLIENT-1093,2011-05-21T06:58:06.457+0000,null,Invalid 
HTTPCLIENT-1094,2011-06-23T09:57:17.704+0000,null,Invalid 
HTTPCLIENT-1097,2011-06-02T13:11:21.081+0000,null,Fixed 
HTTPCLIENT-1100,2011-06-09T15:15:15.706+0000,null,Fixed 
HTTPCLIENT-1103,2011-06-22T16:47:54.109+0000,null,Fixed 
HTTPCLIENT-1107,2011-10-03T23:58:33.968+0000,null,Fixed 
HTTPCLIENT-1107,2012-01-12T12:38:11.625+0000,Fixed,null 
HTTPCLIENT-1107,2012-01-12T19:53:06.862+0000,null,Fixed 
HTTPCLIENT-1110,2011-07-22T08:57:12.131+0000,null,Won't Fix 
HTTPCLIENT-1112,2011-08-03T11:25:14.083+0000,null,Invalid 
HTTPCLIENT-1113,2011-08-03T11:50:08.705+0000,null,Fixed 
HTTPCLIENT-1114,2011-08-08T08:00:30.504+0000,null,Invalid 
HTTPCLIENT-1116,2011-09-18T16:33:48.265+0000,null,Fixed 
HTTPCLIENT-1117,2011-09-06T13:15:41.993+0000,null,Cannot Reproduce 
HTTPCLIENT-1118,2011-08-22T19:47:52.890+0000,null,Invalid 
HTTPCLIENT-1120,2011-09-01T12:46:10.665+0000,null,Fixed 
HTTPCLIENT-1120,2011-09-26T16:27:27.459+0000,Fixed,null 
HTTPCLIENT-1120,2011-10-06T12:42:27.015+0000,null,Fixed 
HTTPCLIENT-1121,2011-09-01T20:23:13.388+0000,null,Cannot Reproduce 
HTTPCLIENT-1122,2011-09-23T14:00:54.110+0000,null,Fixed 
HTTPCLIENT-1124,2011-09-07T19:32:50.079+0000,null,Invalid 
HTTPCLIENT-1125,2011-09-07T19:38:20.374+0000,null,Invalid 
HTTPCLIENT-1127,2011-10-06T13:12:42.911+0000,null,Fixed 
HTTPCLIENT-1130,2011-10-01T14:02:23.925+0000,null,Fixed 
HTTPCLIENT-1133,2011-10-05T15:07:49.957+0000,null,Won't Fix 
HTTPCLIENT-1135,2011-10-08T13:22:11.529+0000,null,Fixed 
HTTPCLIENT-1136,2011-10-11T17:53:51.797+0000,null,Fixed 
HTTPCLIENT-1138,2011-10-23T11:47:01.009+0000,null,Won't Fix 
HTTPCLIENT-1139,2011-10-24T19:43:33.034+0000,null,Fixed 
HTTPCLIENT-1140,2011-10-26T18:45:32.553+0000,null,Fixed 
HTTPCLIENT-1141,2011-11-02T16:19:39.506+0000,null,Invalid 
HTTPCLIENT-1142,2011-11-03T16:05:13.637+0000,null,Fixed 
HTTPCLIENT-1143,2011-11-07T21:48:54.048+0000,null,Fixed 
HTTPCLIENT-1146,2011-11-17T21:18:43.466+0000,null,Duplicate 
HTTPCLIENT-1147,2011-12-02T14:18:01.462+0000,null,Fixed 
HTTPCLIENT-1149,2011-12-01T17:37:38.559+0000,null,Won't Fix 
HTTPCLIENT-1150,2011-12-03T14:46:03.724+0000,null,Invalid 
HTTPCLIENT-1151,2011-12-10T14:31:32.011+0000,null,Cannot Reproduce 
HTTPCLIENT-1152,2011-12-21T18:47:40.448+0000,null,Invalid 
HTTPCLIENT-1152,2011-12-21T18:55:07.371+0000,Invalid,null 
HTTPCLIENT-1152,2012-01-09T14:46:26.811+0000,null,Fixed 
HTTPCLIENT-1153,2012-01-18T15:36:53.908+0000,null,Fixed 
HTTPCLIENT-1155,2011-12-23T21:01:03.033+0000,null,Fixed 
HTTPCLIENT-1157,2012-01-12T14:23:38.218+0000,null,Fixed 
HTTPCLIENT-1163,2012-02-22T20:06:10.782+0000,null,Duplicate 
HTTPCLIENT-1164,2012-03-16T15:02:08.788+0000,null,Fixed 
HTTPCLIENT-1166,2012-02-14T16:18:49.902+0000,null,Fixed 
HTTPCLIENT-1167,2012-03-15T16:54:25.473+0000,null,Duplicate 
HTTPCLIENT-1168,2012-03-03T13:44:01.931+0000,null,Fixed 
HTTPCLIENT-1170,2012-02-29T10:29:33.343+0000,null,Invalid 
HTTPCLIENT-1170,2012-02-29T11:23:34.638+0000,Invalid,null 
HTTPCLIENT-1170,2012-02-29T11:38:02.902+0000,null,Invalid 
HTTPCLIENT-1171,2012-03-05T14:03:42.605+0000,null,Cannot Reproduce 
HTTPCLIENT-1173,2012-03-16T09:36:24.747+0000,null,Cannot Reproduce 
HTTPCLIENT-1174,2012-03-15T08:22:21.455+0000,null,Invalid 
HTTPCLIENT-1175,2012-03-19T11:35:42.519+0000,null,Invalid 
HTTPCLIENT-1177,2012-04-09T19:19:34.563+0000,null,Fixed 
HTTPCLIENT-1178,2012-03-31T11:33:43.084+0000,null,Invalid 
HTTPCLIENT-1180,2012-04-10T19:37:55.545+0000,null,Fixed 
HTTPCLIENT-1181,2012-04-04T00:02:19.918+0000,null,Not A Problem 
HTTPCLIENT-1183,2012-04-12T12:30:43.039+0000,null,Invalid 
HTTPCLIENT-1184,2012-04-20T19:27:53.615+0000,null,Invalid 
HTTPCLIENT-1185,2012-04-20T19:30:13.740+0000,null,Fixed 
HTTPCLIENT-1185,2012-05-25T10:54:18.798+0000,Fixed,null 
HTTPCLIENT-1185,2012-05-25T13:42:27.021+0000,null,Fixed 
HTTPCLIENT-1186,2012-04-24T15:59:54.147+0000,null,Fixed 
HTTPCLIENT-1187,2012-05-08T20:00:34.921+0000,null,Fixed 
HTTPCLIENT-1188,2012-04-28T21:45:20.376+0000,null,Won't Fix 
HTTPCLIENT-1189,2012-05-05T15:59:15.296+0000,null,Fixed 
HTTPCLIENT-1190,2012-12-11T13:03:55.687+0000,null,Fixed 
HTTPCLIENT-1192,2012-05-28T18:32:10.808+0000,null,Fixed 
HTTPCLIENT-1193,2012-05-25T15:20:32.982+0000,null,Fixed 
HTTPCLIENT-1195,2012-05-28T18:32:35.685+0000,null,Fixed 
HTTPCLIENT-1195,2012-06-09T10:53:26.883+0000,Fixed,null 
HTTPCLIENT-1195,2012-06-13T08:10:01.598+0000,null,Fixed 
HTTPCLIENT-1195,2012-06-23T11:57:20.358+0000,Fixed,null 
HTTPCLIENT-1195,2012-06-26T23:27:58.809+0000,null,Fixed 
HTTPCLIENT-1196,2012-05-27T18:19:03.539+0000,null,Fixed 
HTTPCLIENT-1197,2012-05-30T13:06:36.996+0000,null,Duplicate 
HTTPCLIENT-1198,2012-05-31T14:07:14.234+0000,null,Duplicate 
HTTPCLIENT-1198,2012-05-31T14:58:54.662+0000,Duplicate,null 
HTTPCLIENT-1198,2012-06-01T19:01:51.497+0000,null,Fixed 
HTTPCLIENT-1199,2012-06-03T11:37:17.416+0000,null,Fixed 
HTTPCLIENT-1200,2012-05-31T14:32:15.149+0000,null,Fixed 
HTTPCLIENT-1202,2012-06-07T14:15:22.950+0000,null,Fixed 
HTTPCLIENT-1202,2012-06-07T17:07:13.839+0000,Fixed,null 
HTTPCLIENT-1202,2012-06-07T19:44:48.866+0000,null,Fixed 
HTTPCLIENT-1203,2012-06-07T11:45:21.882+0000,null,Invalid 
HTTPCLIENT-1204,2012-06-07T11:47:53.166+0000,null,Invalid 
HTTPCLIENT-1205,2012-06-16T14:15:22.766+0000,null,Invalid 
HTTPCLIENT-1206,2012-06-19T19:19:43.102+0000,null,Fixed 
HTTPCLIENT-1208,2012-06-22T09:18:38.848+0000,null,Not A Problem 
HTTPCLIENT-1210,2012-06-23T09:53:57.065+0000,null,Fixed 
HTTPCLIENT-1211,2012-07-03T11:29:54.540+0000,null,Fixed 
HTTPCLIENT-1212,2012-07-04T09:12:47.014+0000,null,Invalid 
HTTPCLIENT-1214,2012-07-05T11:09:50.126+0000,null,Fixed 
HTTPCLIENT-1215,2012-10-10T19:21:02.604+0000,null,Fixed 
HTTPCLIENT-1216,2012-07-22T12:22:37.748+0000,null,Fixed 
HTTPCLIENT-1217,2012-07-22T19:49:06.579+0000,null,Fixed 
HTTPCORE-306,2012-08-06T12:16:22.863+0000,null,Fixed 
HTTPCLIENT-1224,2012-08-24T11:14:31.743+0000,null,Fixed 
HTTPCLIENT-1224,2012-08-31T14:42:16.242+0000,Fixed,null 
HTTPCLIENT-1224,2012-09-11T14:03:52.071+0000,null,Fixed 
HTTPCLIENT-1225,2012-10-04T11:43:38.925+0000,null,Cannot Reproduce 
HTTPCLIENT-1228,2012-09-08T20:52:21.297+0000,null,Cannot Reproduce 
HTTPCLIENT-1229,2012-09-09T10:51:15.856+0000,null,Fixed 
HTTPCLIENT-1230,2012-09-09T11:09:18.946+0000,null,Fixed 
HTTPCLIENT-1231,2012-09-12T09:29:21.538+0000,null,Fixed 
HTTPCLIENT-1232,2012-09-12T09:29:44.855+0000,null,Fixed 
HTTPCORE-310,2012-09-14T13:50:05.101+0000,null,Fixed 
HTTPCLIENT-1234,2012-09-24T20:52:38.186+0000,null,Not A Problem 
HTTPCLIENT-1240,2012-12-11T13:14:08.465+0000,null,Won't Fix 
HTTPCLIENT-1241,2012-10-04T11:35:57.538+0000,null,Fixed 
HTTPCLIENT-1242,2012-10-04T11:57:00.191+0000,null,Duplicate 
HTTPCLIENT-1243,2012-10-04T15:46:31.094+0000,null,Invalid 
HTTPCLIENT-1245,2012-10-04T21:30:07.418+0000,null,Not A Problem 
HTTPCLIENT-1247,2012-10-10T09:53:39.608+0000,null,Fixed 
HTTPCLIENT-1248,2012-10-10T20:53:05.789+0000,null,Fixed 
HTTPCLIENT-1251,2012-10-14T13:06:06.788+0000,null,Invalid 
HTTPCLIENT-1252,2012-10-19T09:59:45.162+0000,null,Fixed 
HTTPCLIENT-1254,2012-11-06T19:54:13.930+0000,null,Fixed 
HTTPCLIENT-1255,2012-11-06T16:51:06.335+0000,null,Fixed 
HTTPCLIENT-1256,2012-10-29T02:30:52.937+0000,null,Won't Fix 
HTTPCLIENT-1257,2012-10-30T13:07:33.670+0000,null,Invalid 
HTTPCLIENT-1258,2012-11-14T16:35:32.710+0000,null,Fixed 
HTTPCLIENT-1259,2012-12-11T13:44:50.451+0000,null,Fixed 
HTTPCLIENT-1260,2012-11-17T16:47:02.846+0000,null,Fixed 
HTTPCLIENT-1262,2012-11-16T21:45:52.477+0000,null,Won't Fix 
HTTPCLIENT-1262,2012-11-17T15:07:14.463+0000,Won't Fix,null 
HTTPCLIENT-1262,2012-11-17T16:42:23.423+0000,null,Invalid 
HTTPCLIENT-1263,2012-11-23T13:00:28.086+0000,null,Fixed 
HTTPCLIENT-1265,2012-11-23T13:34:26.500+0000,null,Won't Fix 
HTTPCLIENT-1265,2012-12-10T19:48:35.503+0000,Won't Fix,null 
HTTPCLIENT-1265,2012-12-16T13:08:58.779+0000,null,Implemented 
HTTPCLIENT-1266,2012-12-05T12:43:22.726+0000,null,Fixed 
HTTPCLIENT-1267,2012-12-04T13:21:43.973+0000,null,Invalid 
HTTPCLIENT-1268,2012-12-22T21:00:01.676+0000,null,Fixed 
HTTPCLIENT-1269,2012-12-08T12:14:26.470+0000,null,Fixed 
HTTPCLIENT-1272,2012-12-11T14:37:29.649+0000,null,Won't Fix 
HTTPCLIENT-1273,2012-12-12T10:45:42.335+0000,null,Fixed 
HTTPCLIENT-1274,2012-12-13T15:11:16.028+0000,null,Fixed 
HTTPCLIENT-1275,2012-12-12T19:32:20.930+0000,null,Not A Problem 
HTTPCLIENT-1276,2012-12-13T15:10:36.207+0000,null,Fixed 
HTTPCLIENT-1276,2012-12-14T11:39:28.673+0000,Fixed,null 
HTTPCLIENT-1276,2012-12-14T13:27:51.420+0000,null,Fixed 
HTTPCLIENT-1277,2012-12-14T17:08:48.098+0000,null,Fixed 
HTTPCLIENT-1279,2012-12-17T21:52:40.410+0000,null,Fixed 
HTTPCLIENT-1280,2012-12-17T17:15:57.104+0000,null,Fixed 
HTTPCLIENT-1281,2012-12-17T16:18:01.703+0000,null,Fixed 
HTTPCLIENT-1282,2012-12-19T17:06:09.634+0000,null,Won't Fix 
HTTPCLIENT-1283,2012-12-19T11:35:38.765+0000,null,Fixed 
HTTPCLIENT-1284,2012-12-20T12:58:47.952+0000,null,Fixed 
HTTPCLIENT-1285,2012-12-29T15:28:48.760+0000,null,Fixed 
HTTPCLIENT-1285,2012-12-29T15:52:20.625+0000,Fixed,null 
HTTPCLIENT-1285,2012-12-31T17:08:43.569+0000,null,Fixed 
HTTPCLIENT-1286,2013-01-01T17:30:46.005+0000,null,Fixed 
HTTPCLIENT-1287,2013-01-01T19:33:07.246+0000,null,Fixed 
HTTPCLIENT-1288,2013-01-02T10:40:54.177+0000,null,Fixed 
HTTPCLIENT-1289,2013-01-04T14:21:14.166+0000,null,Invalid 
HTTPCLIENT-1290,2013-01-08T12:18:43.595+0000,null,Fixed 
HTTPCLIENT-1291,2013-01-07T21:11:21.514+0000,null,Fixed 
HTTPCLIENT-1293,2013-01-08T10:33:24.609+0000,null,Fixed 
HTTPCLIENT-1294,2013-05-16T10:52:13.176+0000,null,Fixed 
HTTPCLIENT-1296,2013-01-10T11:28:19.171+0000,null,Fixed 
HTTPCLIENT-1297,2013-01-11T18:42:47.307+0000,null,Invalid 
HTTPCLIENT-1298,2013-01-24T11:06:53.245+0000,null,Fixed 
HTTPCLIENT-1299,2013-03-28T12:46:44.232+0000,null,Fixed 
HTTPCLIENT-1299,2013-04-12T19:03:37.228+0000,Fixed,null 
HTTPCLIENT-1299,2013-04-17T10:20:20.821+0000,null,Fixed 
HTTPCLIENT-1300,2013-01-18T15:16:54.075+0000,null,Invalid 
HTTPCLIENT-1301,2013-01-21T15:29:37.194+0000,null,Fixed 
HTTPCLIENT-1302,2013-01-20T20:46:29.504+0000,null,Invalid 
HTTPCLIENT-1304,2013-01-29T12:44:08.180+0000,null,Invalid 
HTTPCLIENT-1305,2013-01-25T13:23:43.387+0000,null,Fixed 
HTTPCLIENT-1307,2013-02-04T15:50:10.494+0000,null,Fixed 
HTTPCLIENT-1308,2013-01-28T22:39:58.532+0000,null,Invalid 
HTTPCLIENT-1309,2013-01-30T22:28:05.174+0000,null,Invalid 
HTTPCLIENT-1311,2013-02-01T12:13:14.664+0000,null,Fixed 
HTTPCLIENT-1312,2013-01-30T21:13:52.943+0000,null,Fixed 
HTTPCLIENT-1313,2013-01-30T17:00:24.631+0000,null,Fixed 
HTTPCLIENT-1314,2013-02-01T13:04:24.609+0000,null,Duplicate 
HTTPCLIENT-1315,2013-02-17T20:02:33.467+0000,null,Fixed 
HTTPCLIENT-1316,2013-02-25T10:41:20.568+0000,null,Fixed 
HTTPCLIENT-1319,2013-04-04T13:56:45.212+0000,null,Fixed 
HTTPCLIENT-1320,2013-02-09T18:35:50.121+0000,null,Fixed 
HTTPCLIENT-1321,2013-02-11T18:48:42.026+0000,null,Fixed 
HTTPCLIENT-1322,2013-03-28T13:33:25.714+0000,null,Fixed 
HTTPCLIENT-1323,2013-02-13T09:52:18.276+0000,null,Fixed 
HTTPCLIENT-1324,2013-02-19T15:23:46.666+0000,null,Fixed 
HTTPCLIENT-1325,2013-02-22T08:44:40.748+0000,null,Fixed 
HTTPCLIENT-1326,2013-02-22T10:03:54.100+0000,null,Fixed 
HTTPCLIENT-1327,2013-04-02T13:03:43.450+0000,null,Fixed 
HTTPCLIENT-1328,2013-02-27T15:35:21.209+0000,null,Fixed 
HTTPCLIENT-1331,2013-04-02T10:23:47.642+0000,null,Fixed 
HTTPCLIENT-1332,2013-04-02T09:28:46.617+0000,null,Invalid 
HTTPCLIENT-1333,2013-04-02T09:30:28.036+0000,null,Invalid 
HTTPCLIENT-1337,2013-04-17T09:22:34.071+0000,null,Cannot Reproduce 
HTTPCLIENT-1338,2013-04-15T10:26:20.896+0000,null,Fixed 
HTTPCLIENT-1339,2013-04-11T18:38:19.724+0000,null,Invalid 
HTTPCLIENT-1339,2013-04-15T07:04:59.991+0000,Invalid,null 
HTTPCLIENT-1339,2013-04-15T11:07:00.297+0000,null,Invalid 
HTTPCLIENT-1340,2013-04-13T10:39:49.635+0000,null,Fixed 
HTTPCLIENT-1341,2013-04-18T09:17:41.592+0000,null,Fixed 
HTTPCLIENT-1342,2013-04-15T11:37:41.109+0000,null,Fixed 
HTTPCLIENT-1344,2013-05-16T14:18:54.765+0000,null,Fixed 
HTTPCLIENT-1345,2013-05-16T14:19:30.781+0000,null,Fixed 
HTTPCLIENT-1346,2013-04-24T08:43:39.124+0000,null,Fixed 
HTTPCLIENT-1348,2013-05-03T19:16:45.719+0000,null,Fixed 
HTTPCLIENT-1349,2013-05-03T18:36:55.884+0000,null,Fixed 
HTTPCLIENT-1350,2013-05-07T11:49:11.723+0000,null,Not A Problem 
HTTPCLIENT-1352,2013-05-14T13:03:36.933+0000,null,Invalid 
HTTPCLIENT-1354,2013-05-22T14:02:32.050+0000,null,Fixed 
HTTPCLIENT-1356,2013-05-26T10:41:17.144+0000,null,Won't Fix 
HTTPCLIENT-1357,2013-05-28T12:18:02.958+0000,null,Fixed 
HTTPCLIENT-1359,2013-05-29T13:00:36.606+0000,null,Fixed 
HTTPCLIENT-1361,2013-08-29T13:40:35.496+0000,null,Fixed 
HTTPCLIENT-1362,2013-06-03T11:55:20.227+0000,null,Fixed 
HTTPCLIENT-1363,2013-06-04T07:12:56.932+0000,null,Fixed 
HTTPCLIENT-1365,2013-06-06T15:41:30.740+0000,null,Fixed 
HTTPCLIENT-1369,2013-06-17T07:51:36.948+0000,null,Fixed 
HTTPCLIENT-1370,2013-06-13T15:10:34.668+0000,null,Not A Problem 
HTTPCLIENT-1370,2013-06-13T17:58:22.377+0000,Not A Problem,null 
HTTPCLIENT-1370,2013-08-10T02:08:27.029+0000,null,Fixed 
HTTPCLIENT-1372,2013-06-20T21:09:47.924+0000,null,Fixed 
HTTPCLIENT-1373,2013-08-09T20:45:39.548+0000,null,Fixed 
HTTPCLIENT-1376,2013-06-19T19:52:59.126+0000,null,Fixed 
HTTPCLIENT-1377,2013-06-19T19:42:00.686+0000,null,Fixed 
HTTPCLIENT-1381,2013-07-06T14:16:38.783+0000,null,Fixed 
HTTPCLIENT-1381,2013-07-07T01:50:10.041+0000,Fixed,null 
HTTPCLIENT-1381,2013-07-07T10:22:06.699+0000,null,Fixed 
HTTPCLIENT-1382,2013-07-05T12:03:32.937+0000,null,Fixed 
HTTPCLIENT-1383,2013-07-06T14:14:56.825+0000,null,Fixed 
HTTPCLIENT-1383,2013-07-07T02:19:40.332+0000,Fixed,null 
HTTPCLIENT-1383,2013-07-07T11:31:40.591+0000,null,Fixed 
HTTPCLIENT-1383,2013-07-08T07:07:07.618+0000,Fixed,null 
HTTPCLIENT-1383,2013-07-08T09:30:38.222+0000,null,Fixed 
HTTPCLIENT-1385,2013-08-13T19:40:47.883+0000,null,Fixed 
HTTPCLIENT-1386,2013-08-14T12:11:25.543+0000,null,Won't Fix 
HTTPCLIENT-1392,2013-08-23T13:18:18.273+0000,null,Invalid 
HTTPCLIENT-1392,2013-08-23T13:22:23.967+0000,Invalid,null 
HTTPCLIENT-1392,2013-08-23T13:25:43.629+0000,null,Invalid 
HTTPCLIENT-1392,2013-08-23T14:36:48.836+0000,Invalid,null 
HTTPCLIENT-1392,2013-08-23T14:39:39.062+0000,null,Invalid 
HTTPCLIENT-1393,2013-08-28T17:51:37.550+0000,null,Fixed 
HTTPCLIENT-1396,2013-09-11T08:22:32.006+0000,null,Not A Problem 
HTTPCLIENT-1397,2013-10-05T20:07:04.253+0000,null,Fixed 
HTTPCLIENT-1398,2013-09-16T11:40:58.602+0000,null,Invalid 
HTTPCLIENT-1398,2013-09-16T14:07:48.773+0000,Invalid,null 
HTTPCLIENT-1398,2013-09-16T14:20:28.204+0000,null,Fixed 
HTTPCLIENT-1399,2013-09-16T13:32:11.315+0000,null,Fixed 
HTTPCLIENT-1405,2013-10-02T07:45:42.995+0000,null,Fixed 
HTTPCLIENT-1406,2013-10-02T13:18:11.396+0000,null,Cannot Reproduce 
HTTPCORE-353,2013-10-03T07:52:19.161+0000,null,Fixed 
HTTPCLIENT-1412,2013-10-05T11:28:01.948+0000,null,Fixed 
HTTPCLIENT-1413,2013-10-04T20:55:14.354+0000,null,Fixed 
HTTPCLIENT-1414,2013-10-05T16:44:09.975+0000,null,Fixed 
HTTPCLIENT-1416,2013-10-07T10:09:57.496+0000,null,Fixed 
HTTPCLIENT-1417,2013-10-08T10:39:48.678+0000,null,Fixed 
HTTPCLIENT-1418,2013-10-08T15:55:44.866+0000,null,Fixed 
HTTPCLIENT-1419,2013-10-08T16:21:32.473+0000,null,Fixed 
HTTPCLIENT-1420,2013-10-10T07:53:52.983+0000,null,Fixed 
HTTPCLIENT-1421,2013-10-10T07:53:17.908+0000,null,Fixed 
HTTPCLIENT-1422,2013-10-11T07:59:27.248+0000,null,Fixed 
HTTPCLIENT-1423,2013-10-18T09:31:42.611+0000,null,Fixed 
HTTPCLIENT-1424,2013-10-18T09:35:04.087+0000,null,Won't Fix 
HTTPCLIENT-1425,2013-10-22T10:11:34.723+0000,null,Fixed 
HTTPCLIENT-1425,2013-10-22T17:34:39.658+0000,Fixed,null 
HTTPCLIENT-1425,2013-10-22T20:01:33.873+0000,null,Fixed 
HTTPCLIENT-1426,2013-10-23T18:38:33.529+0000,null,Fixed 
HTTPCLIENT-1431,2013-11-06T09:25:37.921+0000,null,Fixed 
HTTPCLIENT-1433,2013-11-08T17:01:32.129+0000,null,Duplicate 
HTTPCLIENT-1435,2013-11-21T14:54:08.406+0000,null,Fixed 
HTTPCLIENT-1436,2013-11-25T17:52:17.433+0000,null,Invalid 
HTTPCLIENT-1437,2013-11-25T18:07:57.540+0000,null,Fixed 
HTTPCLIENT-1438,2013-11-26T09:36:21.525+0000,null,Invalid 
HTTPCLIENT-1440,2013-11-28T08:58:09.130+0000,null,Fixed 
HTTPCLIENT-1441,2013-12-01T20:34:25.982+0000,null,Fixed 
HTTPCLIENT-1442,2013-12-06T15:02:52.892+0000,null,Fixed 
HTTPCLIENT-1443,2013-12-29T12:29:27.014+0000,null,Fixed 
HTTPCLIENT-1444,2014-01-06T15:28:44.920+0000,null,Invalid 
HTTPCLIENT-1445,2014-01-06T20:05:21.852+0000,null,Incomplete 
HTTPCLIENT-1446,2014-01-10T09:42:06.703+0000,null,Fixed 
HTTPCLIENT-1447,2014-01-15T12:24:06.228+0000,null,Fixed 
HTTPCLIENT-1452,2014-01-27T10:47:43.369+0000,null,Invalid 
HTTPCLIENT-1453,2014-02-19T11:13:45.557+0000,null,Fixed 
HTTPCLIENT-1455,2014-02-04T10:21:58.038+0000,null,Fixed 
HTTPCLIENT-1456,2014-02-07T15:17:43.577+0000,null,Fixed 
HTTPCLIENT-1457,2014-02-07T20:21:01.252+0000,null,Fixed 
HTTPCLIENT-1458,2014-02-13T14:30:12.418+0000,null,Fixed 
HTTPCLIENT-1459,2014-02-11T16:58:50.640+0000,null,Invalid 
HTTPCLIENT-1460,2014-02-13T14:52:38.359+0000,null,Fixed 
HTTPCLIENT-1461,2014-02-18T14:09:47.364+0000,null,Fixed 
HTTPCLIENT-1463,2014-02-19T12:16:19.225+0000,null,Invalid 
HTTPCLIENT-1465,2014-02-21T10:47:21.872+0000,null,Not A Problem 
HTTPCLIENT-1466,2014-02-21T10:58:43.531+0000,null,Fixed 
HTTPCLIENT-1467,2014-02-21T11:06:35.217+0000,null,Fixed 
HTTPCLIENT-1470,2014-02-25T10:01:25.568+0000,null,Fixed 
HTTPCLIENT-1473,2014-03-03T12:31:20.986+0000,null,Cannot Reproduce 
HTTPCLIENT-1474,2014-03-05T16:08:27.939+0000,null,Fixed 
HTTPCLIENT-1477,2014-03-06T15:06:23.526+0000,null,Invalid 
HTTPCLIENT-1478,2014-03-11T14:18:12.279+0000,null,Fixed 
HTTPCLIENT-1479,2014-03-10T11:20:10.125+0000,null,Fixed 
HTTPCLIENT-1481,2014-03-14T11:19:36.690+0000,null,Invalid 
HTTPCLIENT-1481,2014-03-14T12:31:39.829+0000,Invalid,null 
HTTPCLIENT-1481,2014-03-14T13:15:11.980+0000,null,Invalid 
HTTPCLIENT-1481,2014-03-14T13:39:43.255+0000,Invalid,null 
HTTPCLIENT-1481,2014-03-14T13:51:22.932+0000,null,Invalid 
HTTPCLIENT-1483,2014-03-16T10:49:41.092+0000,null,Duplicate 
HTTPCLIENT-1484,2014-03-16T13:37:40.688+0000,null,Fixed 
HTTPCLIENT-1485,2014-03-17T15:35:52.430+0000,null,Won't Fix 
HTTPCLIENT-1485,2014-03-20T16:43:07.949+0000,Won't Fix,null 
HTTPCLIENT-1485,2014-05-31T14:45:44.575+0000,null,Won't Fix 
HTTPCLIENT-1486,2014-03-21T11:58:53.975+0000,null,Won't Fix 
HTTPCLIENT-1487,2014-03-18T18:30:43.828+0000,null,Invalid 
HTTPCLIENT-1487,2014-03-18T19:03:37.360+0000,Invalid,null 
HTTPCLIENT-1487,2014-03-18T19:03:46.867+0000,null,Duplicate 
HTTPCLIENT-1488,2014-03-21T12:58:27.619+0000,null,Won't Fix 
HTTPCLIENT-1489,2015-07-04T13:46:02.917+0000,null,Fixed 
HTTPCLIENT-1490,2014-06-06T07:39:08.046+0000,null,Invalid 
HTTPCLIENT-1494,2014-04-09T11:44:16.857+0000,null,Fixed 
HTTPCLIENT-1498,2014-04-30T09:44:41.929+0000,null,Fixed 
HTTPCLIENT-1499,2014-04-22T12:30:38.860+0000,null,Invalid 
HTTPCLIENT-1500,2014-04-22T12:31:22.229+0000,null,Invalid 
HTTPCLIENT-1501,2014-04-25T08:34:08.515+0000,null,Fixed 
HTTPCLIENT-1502,2014-08-11T07:59:51.205+0000,null,Fixed 
HTTPCLIENT-1506,2014-05-14T11:50:34.230+0000,null,Invalid 
HTTPCLIENT-1506,2014-07-03T11:24:59.348+0000,Invalid,null 
HTTPCLIENT-1506,2014-07-03T12:46:32.421+0000,null,Invalid 
HTTPCLIENT-1510,2014-05-22T15:09:53.255+0000,null,Invalid 
HTTPCLIENT-1516,2014-06-17T13:09:32.149+0000,null,Not a Problem 
HTTPCLIENT-1518,2014-06-17T15:35:30.280+0000,null,Cannot Reproduce 
HTTPCLIENT-1519,2014-06-19T07:54:54.193+0000,null,Fixed 
HTTPCLIENT-1522,2014-06-26T13:50:52.166+0000,null,Not a Problem 
HTTPCLIENT-1523,2014-06-26T14:27:58.099+0000,null,Not a Problem 
HTTPCLIENT-1524,2014-06-30T11:58:26.616+0000,null,Fixed 
HTTPCLIENT-1525,2014-09-15T08:34:13.258+0000,null,Fixed 
HTTPCLIENT-1526,2014-07-15T07:18:34.648+0000,null,Fixed 
HTTPCLIENT-1527,2014-07-15T08:20:55.107+0000,null,Fixed 
HTTPCLIENT-1528,2014-07-15T15:09:32.656+0000,null,Invalid 
HTTPCLIENT-1529,2014-07-17T15:01:56.704+0000,null,Duplicate 
HTTPCLIENT-1530,2014-07-17T15:06:35.722+0000,null,Not a Problem 
HTTPCLIENT-1531,2014-07-23T12:13:12.846+0000,null,Fixed 
HTTPCLIENT-1532,2014-08-07T09:41:50.951+0000,null,Fixed 
HTTPCLIENT-1533,2014-08-01T10:48:26.879+0000,null,Invalid 
HTTPCLIENT-1534,2014-08-04T15:08:32.758+0000,null,Duplicate 
HTTPCLIENT-1535,2014-08-06T14:17:41.725+0000,null,Fixed 
HTTPCLIENT-1536,2014-08-05T11:54:40.870+0000,null,Fixed 
HTTPCLIENT-1537,2014-08-11T13:41:04.558+0000,null,Fixed 
HTTPCLIENT-1539,2014-08-13T08:48:58.752+0000,null,Invalid 
HTTPCLIENT-1541,2014-08-21T12:01:48.918+0000,null,Fixed 
HTTPCLIENT-1542,2014-08-16T10:52:32.946+0000,null,Fixed 
HTTPCLIENT-1543,2014-08-16T10:14:12.673+0000,null,Not a Problem 
HTTPCLIENT-1544,2014-08-16T11:12:01.933+0000,null,Fixed 
HTTPCLIENT-1545,2014-08-18T07:42:00.620+0000,null,Fixed 
HTTPCLIENT-1545,2014-08-19T14:41:19.188+0000,Fixed,null 
HTTPCLIENT-1545,2014-08-20T15:39:59.476+0000,null,Fixed 
HTTPCLIENT-1546,2014-08-19T09:08:37.216+0000,null,Fixed 
HTTPCLIENT-1547,2014-08-21T11:59:53.986+0000,null,Fixed 
HTTPCLIENT-1548,2014-08-22T06:42:34.765+0000,null,Invalid 
HTTPCLIENT-1549,2014-08-27T10:04:32.366+0000,null,Fixed 
HTTPCLIENT-1550,2014-09-05T07:15:41.335+0000,null,Invalid 
HTTPCLIENT-1550,2014-10-06T19:10:20.839+0000,Invalid,null 
HTTPCLIENT-1550,2014-10-17T19:34:49.825+0000,null,Won't Fix 
HTTPCLIENT-1550,2015-11-30T20:32:40.457+0000,Won't Fix,null 
HTTPCLIENT-1550,2015-11-30T20:38:00.940+0000,null,Fixed 
HTTPCLIENT-1551,2014-09-05T07:17:16.307+0000,null,Invalid 
HTTPCLIENT-1552,2014-09-10T12:31:59.464+0000,null,Invalid 
HTTPCLIENT-1553,2014-09-17T16:48:39.900+0000,null,Fixed 
HTTPCLIENT-1554,2014-09-18T07:11:38.146+0000,null,Fixed 
HTTPCLIENT-1555,2014-09-17T11:41:13.666+0000,null,Invalid 
HTTPCLIENT-1555,2014-09-17T11:55:09.360+0000,Invalid,null 
HTTPCLIENT-1555,2014-09-17T17:08:49.773+0000,null,Fixed 
HTTPCLIENT-1556,2014-10-03T08:15:16.469+0000,null,Fixed 
HTTPCLIENT-1558,2014-10-05T11:23:50.948+0000,null,Fixed 
HTTPCLIENT-1563,2014-10-11T14:11:27.297+0000,null,Fixed 
HTTPCLIENT-1564,2014-10-11T13:44:06.190+0000,null,Not a Problem 
HTTPCLIENT-1565,2014-10-11T15:09:09.358+0000,null,Fixed 
HTTPCLIENT-1566,2014-10-11T16:18:46.756+0000,null,Fixed 
HTTPCLIENT-1571,2014-10-15T09:18:09.492+0000,null,Invalid 
HTTPCLIENT-1571,2014-10-15T09:19:21.819+0000,Invalid,null 
HTTPCLIENT-1571,2014-11-14T20:43:15.039+0000,null,Fixed 
HTTPCLIENT-1572,2014-10-22T08:39:29.417+0000,null,Not a Problem 
HTTPCLIENT-1574,2014-10-24T08:01:14.032+0000,null,Duplicate 
HTTPCLIENT-1575,2014-11-14T16:50:30.924+0000,null,Fixed 
HTTPCLIENT-1576,2014-11-05T13:21:20.045+0000,null,Invalid 
HTTPCLIENT-1578,2014-11-11T20:41:29.515+0000,null,Invalid 
HTTPCLIENT-1579,2015-01-12T09:51:46.261+0000,null,Cannot Reproduce 
HTTPCLIENT-1584,2014-11-28T08:28:04.449+0000,null,Invalid 
HTTPCLIENT-1585,2014-12-09T09:29:34.885+0000,null,Fixed 
HTTPCLIENT-1588,2014-12-09T20:38:56.659+0000,null,Fixed 
HTTPCLIENT-1589,2014-12-16T15:05:58.717+0000,null,Fixed 
HTTPCLIENT-1590,2014-12-23T16:12:23.215+0000,null,Invalid 
HTTPCLIENT-1591,2014-12-30T21:43:24.315+0000,null,Fixed 
HTTPCLIENT-1593,2015-01-05T12:00:01.379+0000,null,Duplicate 
HTTPCLIENT-1594,2015-01-09T11:34:05.719+0000,null,Cannot Reproduce 
HTTPCLIENT-1595,2015-01-10T16:00:03.788+0000,null,Fixed 
HTTPCLIENT-1597,2015-01-11T15:45:14.376+0000,null,Fixed 
HTTPCLIENT-1598,2015-01-15T16:40:41.916+0000,null,Duplicate 
HTTPCLIENT-1598,2015-01-17T11:11:49.869+0000,Duplicate,null 
HTTPCLIENT-1601,2015-01-25T16:30:25.148+0000,null,Invalid 
HTTPCLIENT-1601,2015-01-25T18:53:05.400+0000,Invalid,null 
HTTPCLIENT-1601,2015-01-25T19:34:01.008+0000,null,Invalid 
HTTPCLIENT-1602,2015-01-25T16:27:38.041+0000,null,Invalid 
HTTPCLIENT-1602,2015-01-25T19:03:06.164+0000,Invalid,null 
HTTPCLIENT-1602,2015-01-25T19:05:36.710+0000,null,Invalid 
HTTPCLIENT-1603,2015-01-26T10:42:31.982+0000,null,Fixed 
HTTPCLIENT-1604,2015-01-26T10:05:27.058+0000,null,Fixed 
HTTPCLIENT-1605,2015-01-27T10:41:29.632+0000,null,Fixed 
HTTPCLIENT-1606,2015-02-08T12:10:36.988+0000,null,Fixed 
HTTPCLIENT-1608,2015-02-11T08:28:44.252+0000,null,Duplicate 
HTTPCLIENT-1609,2015-02-11T08:47:23.169+0000,null,Fixed 
HTTPCLIENT-1610,2015-02-11T08:49:20.432+0000,null,Duplicate 
HTTPCLIENT-1611,2015-02-13T20:46:59.218+0000,null,Fixed 
HTTPCLIENT-1612,2015-02-13T20:47:31.041+0000,null,Fixed 
HTTPCLIENT-1614,2015-02-17T09:41:21.222+0000,null,Won't Fix 
HTTPCLIENT-1615,2015-02-18T09:36:52.426+0000,null,Fixed 
HTTPCLIENT-1616,2015-02-23T09:48:34.017+0000,null,Invalid 
HTTPCLIENT-1617,2015-02-19T14:16:18.742+0000,null,Not a Problem 
HTTPCLIENT-1618,2015-02-25T16:21:20.686+0000,null,Invalid 
HTTPCLIENT-1618,2015-03-02T01:11:34.623+0000,Invalid,null 
HTTPCLIENT-1618,2015-03-02T11:33:09.486+0000,null,Invalid 
HTTPCLIENT-1619,2015-02-26T09:00:12.489+0000,null,Invalid 
HTTPCLIENT-1621,2015-03-01T19:35:35.207+0000,null,Fixed 
HTTPCLIENT-1623,2015-02-26T21:21:16.421+0000,null,Fixed 
HTTPCLIENT-1624,2015-09-11T13:10:34.858+0000,null,Auto Closed 
HTTPCLIENT-1628,2015-03-11T20:55:42.855+0000,null,Fixed 
HTTPCLIENT-1629,2015-03-10T01:14:59.452+0000,null,Fixed 
HTTPCLIENT-1631,2015-03-11T20:35:09.903+0000,null,Fixed 
HTTPCLIENT-1633,2015-03-15T14:11:13.348+0000,null,Fixed 
HTTPCLIENT-1634,2015-03-19T11:27:49.551+0000,null,Not a Problem 
HTTPCLIENT-1635,2015-03-21T10:22:47.542+0000,null,Duplicate 
HTTPCLIENT-1636,2015-03-24T12:50:27.909+0000,null,Duplicate 
HTTPCLIENT-1637,2015-03-28T09:54:54.665+0000,null,Duplicate 
HTTPCLIENT-1638,2015-04-07T09:37:15.231+0000,null,Not A Problem 
HTTPCORE-397,2015-04-13T18:33:05.410+0000,null,Fixed 
HTTPCLIENT-1640,2015-04-16T12:31:08.971+0000,null,Fixed 
HTTPCLIENT-1641,2015-04-18T10:44:34.476+0000,null,Not A Problem 
HTTPCLIENT-1642,2015-04-21T21:15:36.505+0000,null,Duplicate 
HTTPCLIENT-1643,2015-04-29T10:34:54.688+0000,null,Fixed 
HTTPCLIENT-1644,2015-05-04T08:13:27.023+0000,null,Cannot Reproduce 
HTTPCLIENT-1645,2015-05-01T09:11:52.608+0000,null,Fixed 
HTTPCLIENT-1646,2015-05-05T09:36:29.390+0000,null,Invalid 
HTTPCLIENT-1647,2015-05-12T07:22:22.861+0000,null,Invalid 
HTTPCLIENT-1647,2015-05-13T01:12:34.777+0000,Invalid,null 
HTTPCLIENT-1647,2015-05-22T07:27:25.556+0000,null,Cannot Reproduce 
HTTPCLIENT-1649,2015-05-22T07:26:14.644+0000,null,Fixed 
HTTPCLIENT-1652,2015-05-28T13:12:52.831+0000,null,Duplicate 
HTTPCLIENT-1653,2015-05-30T09:23:59.674+0000,null,Duplicate 
HTTPCLIENT-1655,2015-06-05T09:20:02.035+0000,null,Fixed 
HTTPCLIENT-1657,2015-06-13T15:07:16.916+0000,null,Fixed 
HTTPCLIENT-1658,2015-06-13T16:32:49.802+0000,null,Fixed 
HTTPCLIENT-1659,2015-06-18T17:34:21.882+0000,null,Not A Problem 
HTTPCLIENT-1660,2015-06-30T15:03:43.936+0000,null,Cannot Reproduce 
HTTPCLIENT-1661,2015-06-19T16:06:58.186+0000,null,Won't Fix 
HTTPCLIENT-1662,2015-06-24T16:06:31.217+0000,null,Fixed 
HTTPCLIENT-1665,2015-07-09T12:39:05.268+0000,null,Invalid 
HTTPCLIENT-1665,2015-10-19T20:36:09.820+0000,Invalid,null 
HTTPCLIENT-1665,2015-10-20T07:44:15.559+0000,null,Fixed 
HTTPCLIENT-1665,2016-02-19T22:04:29.607+0000,Fixed,null 
HTTPCLIENT-1665,2016-02-19T23:36:53.409+0000,null,Fixed 
HTTPCLIENT-1666,2015-07-20T09:14:58.076+0000,null,Won't Fix 
HTTPCLIENT-1667,2015-07-23T15:26:53.431+0000,null,Fixed 
HTTPCLIENT-1668,2015-07-24T08:58:54.507+0000,null,Fixed 
HTTPCLIENT-1670,2015-07-28T09:24:31.882+0000,null,Invalid 
HTTPCLIENT-1673,2015-08-12T14:36:20.496+0000,null,Fixed 
HTTPCLIENT-1674,2015-08-07T07:41:24.100+0000,null,Fixed 
HTTPCLIENT-1675,2015-08-10T10:38:01.594+0000,null,Invalid 
HTTPCLIENT-1676,2015-08-11T09:27:37.955+0000,null,Invalid 
HTTPCLIENT-1680,2015-08-29T10:45:58.347+0000,null,Not A Problem 
HTTPCLIENT-1680,2015-08-30T16:47:35.689+0000,Not A Problem,null 
HTTPCLIENT-1680,2015-08-30T16:48:15.389+0000,null,Fixed 
HTTPCLIENT-1683,2015-08-31T07:44:18.125+0000,null,Invalid 
HTTPCLIENT-1685,2015-10-03T13:53:09.316+0000,null,Fixed 
HTTPCLIENT-1686,2015-09-30T08:14:21.789+0000,null,Invalid 
HTTPCLIENT-1687,2015-10-14T08:28:15.790+0000,null,Won't Fix 
HTTPCLIENT-1688,2015-10-12T08:32:12.265+0000,null,Won't Fix 
HTTPCLIENT-1689,2015-10-14T08:29:38.295+0000,null,Invalid 
HTTPCLIENT-1692,2015-10-25T17:53:17.882+0000,null,Cannot Reproduce 
HTTPCLIENT-1692,2015-11-06T03:44:37.497+0000,Cannot Reproduce,null 
HTTPCLIENT-1692,2015-11-12T09:31:29.496+0000,null,Invalid 
HTTPCLIENT-1695,2015-11-14T20:49:38.309+0000,null,Fixed 
HTTPCLIENT-1696,2015-11-12T23:11:20.505+0000,null,Fixed 
HTTPCLIENT-1697,2015-11-15T11:58:07.956+0000,null,Invalid 
HTTPCLIENT-1698,2015-11-28T13:26:53.468+0000,null,Fixed 
HTTPCLIENT-1699,2015-11-24T15:50:03.065+0000,null,Cannot Reproduce 
HTTPCLIENT-1699,2015-11-25T14:33:45.147+0000,Cannot Reproduce,null 
HTTPCLIENT-1699,2015-11-30T20:39:15.806+0000,null,Duplicate 
HTTPCLIENT-1700,2016-01-04T20:24:25.819+0000,null,Fixed 
HTTPCLIENT-1701,2016-01-16T15:22:54.220+0000,null,Fixed 
HTTPCLIENT-1702,2016-01-16T15:23:19.370+0000,null,Won't Fix 
HTTPCLIENT-1703,2016-02-23T20:35:23.960+0000,null,Fixed 
HTTPCLIENT-1704,2015-12-14T16:28:52.396+0000,null,Fixed 
HTTPCLIENT-1705,2015-12-14T17:01:02.723+0000,null,Invalid 
HTTPCLIENT-1705,2015-12-15T15:52:51.812+0000,Invalid,null 
HTTPCLIENT-1705,2015-12-18T22:43:44.671+0000,null,Not A Problem 
HTTPCLIENT-1706,2015-12-14T18:34:18.759+0000,null,Invalid 
HTTPCLIENT-1707,2015-12-18T00:28:44.324+0000,null,Duplicate 
HTTPCLIENT-1707,2015-12-18T00:50:19.747+0000,Duplicate,null 
HTTPCLIENT-1707,2015-12-18T00:50:33.496+0000,null,Fixed 
HTTPCLIENT-1708,2015-12-28T17:28:08.645+0000,null,Not A Problem 
HTTPCLIENT-1709,2015-12-29T03:44:54.488+0000,null,Fixed 
HTTPCLIENT-1710,2016-01-02T14:25:45.021+0000,null,Fixed 
HTTPCLIENT-1711,2016-01-14T09:29:10.292+0000,null,Not A Problem 
HTTPCLIENT-1712,2016-01-15T16:39:24.322+0000,null,Fixed 
HTTPCLIENT-1712,2016-03-15T15:26:58.135+0000,Fixed,null 
HTTPCLIENT-1712,2016-03-15T15:27:20.773+0000,null,Invalid 
HTTPCLIENT-1715,2016-01-27T08:35:01.100+0000,null,Fixed 
HTTPCLIENT-1716,2016-01-28T16:17:54.948+0000,null,Fixed 
HTTPCLIENT-1718,2016-02-17T14:02:33.329+0000,null,Fixed 
HTTPCLIENT-1719,2016-02-17T14:03:03.651+0000,null,Fixed 
HTTPCLIENT-1720,2016-02-16T08:59:35.585+0000,null,Cannot Reproduce 
HTTPCLIENT-1721,2016-02-17T16:36:29.652+0000,null,Duplicate 
HTTPCLIENT-1722,2016-02-17T08:59:02.451+0000,null,Duplicate 
HTTPCLIENT-1723,2016-02-20T12:39:31.241+0000,null,Fixed 
HTTPCLIENT-1726,2016-03-02T20:49:16.079+0000,null,Fixed 
HTTPCLIENT-1727,2016-03-03T18:10:00.112+0000,null,Fixed 
HTTPCLIENT-1728,2016-03-05T13:54:56.481+0000,null,Not A Problem 
HTTPCLIENT-1729,2016-03-07T13:53:17.173+0000,null,Fixed 
HTTPCLIENT-1729,2016-03-07T19:43:17.903+0000,Fixed,null 
HTTPCLIENT-1729,2016-03-09T08:47:51.064+0000,null,Invalid 
HTTPCLIENT-1731,2016-03-18T10:20:10.147+0000,null,Invalid 
